{
  "name": "default",
  "description": "default quick links configuration",
  "configuration": {
    "protocol":
    {
      "type":"HTTP_ONLY"
    },

    "links": [
      {
        "name": "storm_ui",
        "label": "Storm UI",
        "requires_user_name": "false",
        "component_name": "STORM_UI_SERVER",
        "url":"%@://%@:%@/",
        "port":{
          "http_property": "ui.port",
          "http_default_port": "8744",
          "https_property": "ui.port",
          "https_default_port": "8744",
          "regex": "^(\\d+)$",
          "site": "storm-site"
        }
      },
      {
        "name": "metron_rest_ui",
        "label": "Swagger UI",
        "requires_user_name": "false",
        "component_name": "METRON_REST",
        "url":"%@://%@:%@/swagger-ui.html",
        "port":{
          "http_property": "metron_rest_port",
          "http_default_port": "8082",
          "https_property": "metron_rest_port",
          "https_default_port": "8082",
          "regex": "^(\\d+)$",
          "site": "metron-env"
        }
      },
      {
        "name": "metron_management_ui",
        "label": "Management UI",
        "requires_user_name": "false",
        "component_name": "METRON_MANAGEMENT_UI",
        "url": "%@://%@:%@/",
        "port": {
          "http_property": "metron_management_ui_port",
          "http_default_port": "4200",
          "https_property": "metron_management_ui_port",
          "https_default_port": "4200",
          "regex": "^(\\d+)$",
          "site": "metron-env"
        }
      }
    ]
  }
}
