{
  "type": "full-release",
  "name": "metron-ambari.mpack",
  "version": "0.4.0.0",
  "description": "Ambari Management Pack for Apache Metron",
  "prerequisites": {
    "min-ambari-version": "2.4.0.0",
    "min-stack-versions": [
      {
        "stack_name": "HDP",
        "stack_version": "2.3.0"
      }
    ]
  },
  "artifacts": [
    {
      "name": "METRON-common-services",
      "type" : "service-definitions",
      "source_dir" : "common-services"
    },
    {
      "name" : "METRON-addon-services",
      "type" : "stack-addon-service-definitions",
      "source_dir": "addon-services",
      "service_versions_map": [
        {
          "service_name" : "KIBANA",
          "service_version" : "4.5.1",
          "applicable_stacks" : [
            {
              "stack_name" : "HDP",
              "stack_version" : "2.3"
            },
            {
              "stack_name" : "HDP",
              "stack_version" : "2.4"
            },
            {
              "stack_name" : "HDP",
              "stack_version" : "2.5"
            }
          ]
        },
        {
          "service_name" : "ELASTICSEARCH",
          "service_version" : "2.3.3",
          "applicable_stacks" : [
            {
              "stack_name" : "HDP",
              "stack_version" : "2.3"
            },
            {
              "stack_name" : "HDP",
              "stack_version" : "2.4"
            },
            {
              "stack_name" : "HDP",
              "stack_version" : "2.5"
            }

          ]
        },
        {
          "service_name" : "METRON",
          "service_version" : "${metron.version}",
          "applicable_stacks" : [
            {
              "stack_name" : "HDP",
              "stack_version" : "2.3"
            },
            {
              "stack_name" : "HDP",
              "stack_version" : "2.4"
            },
            {
              "stack_name" : "HDP",
              "stack_version" : "2.5"
            }

          ]
        }
      ]
    }
  ]
}
