<?xml version="1.0"?>
<?xml-stylesheet type="text/xsl" href="configuration.xsl"?>
<!--
  Licensed to the Apache Software Foundation (ASF) under one
  or more contributor license agreements.  See the NOTICE file
  distributed with this work for additional information
  regarding copyright ownership.  The ASF licenses this file
  to you under the Apache License, Version 2.0 (the
  "License"); you may not use this file except in compliance
  with the License.  You may obtain a copy of the License at

       http://www.apache.org/licenses/LICENSE-2.0

  Unless required by applicable law or agreed to in writing, software
  distributed under the License is distributed on an "AS IS" BASIS,
  WITHOUT WARRANTIES OR CONDITIONS OF ANY KIND, either express or implied.
  See the License for the specific language governing permissions and
  limitations under the License.
-->

<configuration>
  <property>
    <name>elastic_user</name>
    <value>elasticsearch</value>
    <property-type>USER</property-type>
    <description>Service user for Elasticsearch</description>
    <value-attributes>
      <type>user</type>
      <overridable>false</overridable>
    </value-attributes>
  </property>
  <property>
    <name>elastic_group</name>
    <value>elasticsearch</value>
    <property-type>GROUP</property-type>
    <description>Service group for Elasticsearch</description>
    <value-attributes>
      <type>user</type>
      <overridable>false</overridable>
    </value-attributes>
  </property>
  <property>
    <name>elastic_log_dir</name>
    <value>/var/log/elasticsearch</value>
    <description>Log directory for elastic</description>
  </property>
  <property>
    <name>elastic_pid_dir</name>
    <value>/var/run/elasticsearch</value>
    <description>The directory for pid files</description>
  </property>

  <!-- elasticsearch-env.sh -->
  <property>
    <name>content</name>
    <description>This is the jinja template for elastic-env.sh file</description>
    <value>
#!/bin/bash

# Set ELASTICSEARCH specific environment variables here.

# The java implementation to use.
export JAVA_HOME={{java64_home}}
export PATH=$PATH:$JAVA_HOME/bin
    </value>
  </property>
</configuration>
