{
    "_comment" : "Record format:",
    "_comment" : "blockedRole-blockedCommand: [blockerRole1-blockerCommand1, blockerRole2-blockerCommand2, ...]",
    "general_deps" : {
        "_comment" : "dependencies for all cases",
        "METRON_INDEXING-INSTALL" : ["METRON_PARSERS-INSTALL"],
        "METRON_ENRICHMENT-INSTALL": ["METRON_INDEXING-INSTALL"],
        "METRON_REST-INSTALL": ["METRON_PARSERS-INSTALL"],
        "METRON_PARSERS-START" : ["NAMENODE-START", "ZOOKEEPER_SERVER-START", "KAFKA_BROKER-START", "STORM_REST_API-START","METRON_ENRICHMENT_MASTER-START"],
        "METRON_ENRICHMENT_MASTER-START" : ["NAMENODE-START", "ZOOKEEPER_SERVER-START", "KAFKA_BROKER-START", "STORM_REST_API-START", "HBASE_MASTER-START", "HBASE_REGIONSERVER-START"],
        "METRON_ENRICHMENT_SERVICE_CHECK-SERVICE_CHECK" : ["METRON_ENRICHMENT_MASTER-START"],
        "METRON_INDEXING-START" : ["NAMENODE-START", "ZOOKEEPER_SERVER-START", "KAFKA_BROKER-START", "STORM_REST_API-START","METRON_PARSERS-START"],
        "METRON_REST-START": ["KAFKA_BROKER-START","STORM_REST_API-START","ZOOKEEPER_SERVER-START","NAMENODE-START","METRON_PARSERS-INSTALL","METRON_INDEXING-INSTALL","METRON_ENRICHMENT-INSTALL"],
        "METRON_MANAGEMENT_UI-START": ["METRON_REST-START"],
        "METRON_SERVICE_CHECK-SERVICE_CHECK" : ["METRON_PARSERS-START","METRON_INDEXING-START"]
    }
}
