<!--
  ~
  ~  Licensed to the Apache Software Foundation (ASF) under one
  ~  or more contributor license agreements.  See the NOTICE file
  ~  distributed with this work for additional information
  ~  regarding copyright ownership.  The ASF licenses this file
  ~  to you under the Apache License, Version 2.0 (the
  ~  "License"); you may not use this file except in compliance
  ~  with the License.  You may obtain a copy of the License at
  ~
  ~      http://www.apache.org/licenses/LICENSE-2.0
  ~
  ~  Unless required by applicable law or agreed to in writing, software
  ~  distributed under the License is distributed on an "AS IS" BASIS,
  ~  WITHOUT WARRANTIES OR CONDITIONS OF ANY KIND, either express or implied.
  ~  See the License for the specific language governing permissions and
  ~  limitations under the License.
  ~
  -->

<assembly>
    <id>archive</id>
    <formats>
        <format>tar.gz</format>
    </formats>
    <includeBaseDirectory>false</includeBaseDirectory>
    <fileSets>
        <fileSet>
            <directory>${project.basedir}/src/main/config</directory>
            <outputDirectory>/config</outputDirectory>
            <useDefaultExcludes>true</useDefaultExcludes>
            <excludes>
                <exclude>**/*.formatted</exclude>
                <exclude>**/*.filtered</exclude>
            </excludes>
            <fileMode>0644</fileMode>
            <lineEnding>unix</lineEnding>
            <filtered>true</filtered>
        </fileSet>
        <fileSet>
            <directory>${project.basedir}/src/main/scripts</directory>
            <outputDirectory>/bin</outputDirectory>
            <useDefaultExcludes>true</useDefaultExcludes>
            <excludes>
                <exclude>**/*.formatted</exclude>
                <exclude>**/*.filtered</exclude>
            </excludes>
            <fileMode>0755</fileMode>
            <lineEnding>unix</lineEnding>
            <filtered>true</filtered>
        </fileSet>
        <fileSet>
            <directory>${project.basedir}/src/main/flux</directory>
            <outputDirectory>/flux</outputDirectory>
            <useDefaultExcludes>true</useDefaultExcludes>
            <excludes>
                <exclude>**/*.formatted</exclude>
                <exclude>**/*.filtered</exclude>
            </excludes>
            <fileMode>0644</fileMode>
            <lineEnding>unix</lineEnding>
        </fileSet>
        <fileSet>
            <directory>${project.basedir}/target</directory>
            <includes>
                <include>${project.artifactId}-${project.version}-uber.jar</include>
            </includes>
            <outputDirectory>/lib</outputDirectory>
            <useDefaultExcludes>true</useDefaultExcludes>
        </fileSet>
    </fileSets>
</assembly>
