{
  "configuration": {
    "layouts": [{
      "name": "default",
      "tabs": [{
        "name": "metron_general",
        "display-name": "Index Settings",
        "layout": {
          "tab-columns": "1",
          "tab-rows": "1",
          "sections": [{
            "name": "section-general",
            "row-index": "0",
            "column-index": "0",
            "row-span": "1",
            "column-span": "1",
            "section-columns": "1",
            "section-rows": "1",
            "subsections": [{
              "name": "subsection-general-indexing",
              "row-index": "0",
              "column-index": "0",
              "row-span": "1",
              "column-span": "1"
            }]
          }]
        }
      }]
    }],
    "placement": {
      "configuration-layout": "default",
      "configs": [{
        "config": "metron-env/metron_enrichment_db_port",
        "subsection-name": "subsection-general-database"
      }, {
        "config": "metron-env/es_hosts",
        "subsection-name": "subsection-general-indexing"
      }, {
        "config": "metron-env/es_binary_port",
        "subsection-name": "subsection-general-indexing"
      }, {
        "config": "metron-env/es_http_port",
        "subsection-name": "subsection-general-indexing"
      }, {
        "config": "metron-env/es_cluster_name",
        "subsection-name": "subsection-general-indexing"
      }]
    },
    "widgets": [{
      "config": "metron-env/es_hosts",
      "widget": {
        "type": "text-field"
      }
    }, {
      "config": "metron-env/es_binary_port",
      "widget": {
        "type": "text-field"
      }
    }, {
      "config": "metron-env/es_http_port",
      "widget": {
        "type": "text-field"
      }
    }, {
      "config": "metron-env/es_cluster_name",
      "widget": {
        "type": "text-field"
      }
    }]
  }
}
