<?xml version="1.0"?>
<!--
  Licensed to the Apache Software
	Foundation (ASF) under one or more contributor license agreements. See the
	NOTICE file distributed with this work for additional information regarding
	copyright ownership. The ASF licenses this file to You under the Apache License,
	Version 2.0 (the "License"); you may not use this file except in compliance
	with the License. You may obtain a copy of the License at

  http://www.apache.org/licenses/LICENSE-2.0

  Unless required by applicable law or agreed to in writing, software distributed
	under the License is distributed on an "AS IS" BASIS, WITHOUT WARRANTIES
	OR CONDITIONS OF ANY KIND, either express or implied. See the License for
  the specific language governing permissions and limitations under the License.
  -->
<configuration>
    <property>
        <name>hbase.rootdir</name>
        <value>file:///home/root/hbase</value>
    </property>
    <property>
        <name>hbase.zookeeper.property.dataDir</name>
        <value>/home/root/zookeeper</value>
    </property>

    <property>
        <name>hbase.zookeeper.property.clientPort</name>
        <value>2181</value>
        <description>Property from ZooKeeper's config zoo.cfg.
            The port at which the clients will connect.
        </description>
    </property>

    <property>
        <name>hbase.zookeeper.quorum</name>
        <value>kafkazk</value>
        <description>Comma separated list of servers in the ZooKeeper Quorum.</description>
    </property>

</configuration>
